<?xml version="1.0" encoding="windows-1251" standalone="no"?>
<?xml-stylesheet type="text/xsl" href="ToHTML.xsl"?>
<!DOCTYPE timetable SYSTEM "tbl.dtd">
<timetable>
  <monday>
    <subject name ="Algorithms and data structures">
      <room>304</room>
      <teacher>Morozenko V.V.</teacher>
      <start>11:30:00</start>
      <end>12:50:00</end>
      <types>seminar</types>
    </subject>
  </monday>
  <tuesday>
    <subject name ="Database">
      <room>509</room>
      <teacher>Hrenov V.V.</teacher>
      <start>11:30:00</start>
      <end>12:50:00</end>
      <types>seminar</types>
    </subject>
    <subject name ="Database">
      <room>509</room>
      <teacher>Hrenov V.V.</teacher>
      <start>13:00:00</start>
      <end>14:20:00</end>
      <types>seminar</types>
    </subject>
  </tuesday>
  <wednesday>
    <subject name ="Software engineering">
      <room>509</room>
      <teacher>Lanin V.V.</teacher>
      <start>09:40:00</start>
      <end>11:00:00</end>
      <types>seminar</types>
    </subject>
    <subject name ="Operation systems">
      <room>509</room>
      <teacher>Lanin V.V.</teacher>
      <start>09:40:00</start>
      <end>11:00:00</end>
      <types>seminar</types>
    </subject>
    <subject name ="Statistical and empirical methods of computing">
      <room>305</room>
      <teacher>Radionova M.V.</teacher>
      <start>11:30:00</start>
      <end>12:50:00</end>
      <types>seminar</types>
    </subject>
  </wednesday>
  <thursday>
    <subject name ="Statistical and empirical methods of computing">
      <room>102</room>
      <teacher>Rodionova M.V.</teacher>
      <start>11:30:00</start>
      <end>12:50:00</end>
      <types>lecture</types>
    </subject>
    <subject name ="Operating systems">
      <room>102</room>
      <teacher>Lyadova L.N.</teacher>
      <start>13:00:00</start>
      <end>14:20:00</end>
      <types>lecture</types>
    </subject>
  </thursday>
  <friday>
    <subject name ="Research seminar">
      <room>102</room>
      <teacher>Noskova E.N.</teacher>
      <start>09:40:00</start>
      <end>11:00:00</end>
      <types>seminar</types>
    </subject>
  </friday>
</timetable>
